Workbook

Sheet Products
A1: ProductID | B1: Product | C1: Price | H1: 1. Use VLOOKUP to find the product names for each ProductID in the Orders worksheet.
A2: 101 | B2: Product A | C2: 120 | H2: 2. Use VLOOKUP to find the price for each ProductID in the Orders worksheet, then calculate the TotalPrice by multiplying the Quantity by the Product Price.
A3: 102 | B3: Product B | C3: 150 | H3: 3. Use VLOOKUP to check if there are any ProductIDs in the Orders worksheet that do not exist in the Products worksheet.
A4: 103 | B4: Product C | C4: 200 | H4: 4. Assume a discount of 10% is given on all products. Use VLOOKUP to find the original price and then calculate the discounted price.
A5: 104 | B5: Product D | C5: 90 | H5: 5. Use VLOOKUP to find the price for each ProductID and then calculate the order value. Find the maximum order value from the list.
A6: 105 | B6: Product E | C6: 220 | H6: 6. Use VLOOKUP to find out which products from the Products worksheet have not been ordered
A7: 106 | B7: Product F | C7: 130 | H7: 7. Use VLOOKUP to find the Product name and summarize the total quantity sold for each product.

Sheet Order
A1: OrderID | B1: ProductID | C1: Quantity | D1: 1.ProductName | E1: 2.ProductPrice | F1: 2.TotalPrice | G1: 3.Product Exist or not | H1: 4.Original Price(Before discount) | I1: 4.Discounted Price(after 10% off) | J1: 5.Maximum Value | K1: 6.Check un ordered product | L1: 7.Product Name | M1: 7.Total Quantity Sold
A2: 1 | B2: 101 | C2: 2 | D2: =VLOOKUP(B2,Products!$A$1:$C$7,2,) -> Product A | E2: =VLOOKUP(B2,Products!$A$2:$C$7,3,0) -> 120 | F2: =E2*C2 -> 240 | G2: =IF(ISNA(VLOOKUP(B2,Products!$A$1:$C$7,1,0)),"Not Exist","Exist") -> Exist | H2: =VLOOKUP(B2,Products!$A$1:$C$7,3,0)/0.9 -> 133.33333 | I2: =VLOOKUP(B2,Products!$A$1:$C$7,3,0)*0.9 -> 108 | J2: =MAX(F2:F8) -> 880 | K2: =IF(ISNA(VLOOKUP(A2,Order!$B$2:$B$8,1,0)),"Not Ordered","ordered") -> Not Ordered | L2: =VLOOKUP(B2,Products!A:C,2,0) -> Product A | M2: =SUMIF(D2:D8,L2,F2:F8) -> 240
A3: 2 | B3: 103 | C3: 1 | D3: =VLOOKUP(B3,Products!$A$1:$C$7,2,) -> Product C | E3: =VLOOKUP(B3,Products!$A$2:$C$7,3,0) -> 200 | F3: =E3*C3 -> 200 | G3: =IF(ISNA(VLOOKUP(B3,Products!$A$1:$C$7,1,0)),"Not Exist","Exist") -> Exist | H3: =VLOOKUP(B3,Products!$A$1:$C$7,3,0)/0.9 -> 222.22222 | I3: =VLOOKUP(B3,Products!$A$1:$C$7,3,0)*0.9 -> 180 | J3: =MAX(F3:F9) -> 880 | K3: =IF(ISNA(VLOOKUP(A3,Order!$B$2:$B$8,1,0)),"Not Ordered","ordered") -> Not Ordered
A4: 3 | B4: 105 | C4: 4 | D4: =VLOOKUP(B4,Products!$A$1:$C$7,2,) -> Product E | E4: =VLOOKUP(B4,Products!$A$2:$C$7,3,0) -> 220 | F4: =E4*C4 -> 880 | G4: =IF(ISNA(VLOOKUP(B4,Products!$A$1:$C$7,1,0)),"Not Exist","Exist") -> Exist | H4: =VLOOKUP(B4,Products!$A$1:$C$7,3,0)/0.9 -> 244.44444 | I4: =VLOOKUP(B4,Products!$A$1:$C$7,3,0)*0.9 -> 198 | J4: =MAX(F4:F10) -> 880 | K4: =IF(ISNA(VLOOKUP(A4,Order!$B$2:$B$8,1,0)),"Not Ordered","ordered") -> Not Ordered
A5: 4 | B5: 106 | C5: 3 | D5: =VLOOKUP(B5,Products!$A$1:$C$7,2,) -> Product F | E5: =VLOOKUP(B5,Products!$A$2:$C$7,3,0) -> 130 | F5: =E5*C5 -> 390 | G5: =IF(ISNA(VLOOKUP(B5,Products!$A$1:$C$7,1,0)),"Not Exist","Exist") -> Exist | H5: =VLOOKUP(B5,Products!$A$1:$C$7,3,0)/0.9 -> 144.44444 | I5: =VLOOKUP(B5,Products!$A$1:$C$7,3,0)*0.9 -> 117 | J5: =MAX(F5:F11) -> 750 | K5: =IF(ISNA(VLOOKUP(A5,Order!$B$2:$B$8,1,0)),"Not Ordered","ordered") -> Not Ordered
A6: 5 | B6: 102 | C6: 5 | D6: =VLOOKUP(B6,Products!$A$1:$C$7,2,) -> Product B | E6: =VLOOKUP(B6,Products!$A$2:$C$7,3,0) -> 150 | F6: =E6*C6 -> 750 | G6: =IF(ISNA(VLOOKUP(B6,Products!$A$1:$C$7,1,0)),"Not Exist","Exist") -> Exist | H6: =VLOOKUP(B6,Products!$A$1:$C$7,3,0)/0.9 -> 166.66667 | I6: =VLOOKUP(B6,Products!$A$1:$C$7,3,0)*0.9 -> 135 | J6: =MAX(F6:F12) -> 750 | K6: =IF(ISNA(VLOOKUP(A6,Order!$B$2:$B$8,1,0)),"Not Ordered","ordered") -> Not Ordered
A7: 6 | B7: 104 | C7: 6 | D7: =VLOOKUP(B7,Products!$A$1:$C$7,2,) -> Product D | E7: =VLOOKUP(B7,Products!$A$2:$C$7,3,0) -> 90 | F7: =E7*C7 -> 540 | G7: =IF(ISNA(VLOOKUP(B7,Products!$A$1:$C$7,1,0)),"Not Exist","Exist") -> Exist | H7: =VLOOKUP(B7,Products!$A$1:$C$7,3,0)/0.9 -> 100 | I7: =VLOOKUP(B7,Products!$A$1:$C$7,3,0)*0.9 -> 81 | J7: =MAX(F7:F13) -> 588 | K7: =IF(ISNA(VLOOKUP(A7,Order!$B$2:$B$8,1,0)),"Not Ordered","ordered") -> Not Ordered
A8: 7 | B8: 155 | C8: 6 | D8: Product G | E8: 98 | F8: =E8*C8 -> 588 | G8: =IF(ISNA(VLOOKUP(B8,Products!$A$1:$C$7,1,0)),"Not Exist","Exist") -> Not Exist | H8: =VLOOKUP(B8,Products!$A$1:$C$7,3,0)/0.9 -> #N/A | I8: =VLOOKUP(B8,Products!$A$1:$C$7,3,0)*0.9 -> #N/A | J8: =MAX(F8:F14) -> 588 | K8: =IF(ISNA(VLOOKUP(A8,Order!$B$2:$B$8,1,0)),"Not Ordered","ordered") -> Not Ordered
A10: 1. Use VLOOKUP to find the product names for each ProductID in the Orders worksheet.
A11: 2. Use VLOOKUP to find the price for each ProductID in the Orders worksheet, then calculate the TotalPrice by multiplying the Quantity by the Product Price.
A12: 3. Use VLOOKUP to check if there are any ProductIDs in the Orders worksheet that do not exist in the Products worksheet.
A13: 4. Assume a discount of 10% is given on all products. Use VLOOKUP to find the original price and then calculate the discounted price.
A14: 5. Use VLOOKUP to find the price for each ProductID and then calculate the order value. Find the maximum order value from the list.
A15: 6. Use VLOOKUP to find out which products from the Products worksheet have not been ordered
A16: 7. Use VLOOKUP to find the Product name and summarize the total quantity sold for each product.
