Workbook
Name Slicer_Department: #N/A
Name Slicer_Education_level: #N/A

Sheet employee_dataset
A1: Employee_ID | B1: Full_Name | C1: Age | D1: Gender | E1: Email | F1: Phone | G1: Department | H1: Job_title | I1: Salary | J1: Hire_date | K1: Country | L1: Status | M1: Performance_score | N1: Education_level | O1: Years_experience
A2: EMP00001 | B2: Kevin Davis | C2: 23 | D2: Non-binary | E2: kevin.davis36@company.com | F2: -4063 | G2: Marketing | H2: Associate | I2: 47606.13 | J2: 14-05-2022 | K2: USA | L2: Active | M2: 1.37 | N2: Bachelor's | O2: 32
A3: EMP00002 | B3: Joshua Johnson | C3: 57 | D3: Male | E3: joshua.johnson92@company.com | F3: -11610 | G3: Legal | H3: Director | I3: 100135.31 | J3: 23-07-2021 | K3: USA | L3: Inactive | M3: 3.79 | N3: Master's | O3: 17
A4: EMP00003 | B4: Barbara Wilson | C4: 43 | D4: Male | E4: barbara.wilson12@company.com | F4: -7668 | G4: Operations | H4: Lead | I4: 73355.53 | J4: 29-03-2020 | K4: Brazil | L4: Active | M4: 4.89 | N4: PhD | O4: 5
A5: EMP00004 | B5: Michelle Jackson | C5: 62 | D5: Non-binary | E5: michelle.jackson47@company.com | F5: -3225 | G5: Engineering | H5: Director | I5: 147094.91 | J5: 12-06-2020 | K5: Germany | L5: Active | M5: 2.52 | N5: PhD | O5: 40
A6: EMP00005 | B6: Betty Hernandez | C6: 45 | D6: Female | E6: betty.hernandez27@company.com | F6: -3427 | G6: Support | H6: Engineer | I6: 112450.28 | J6: 16-05-2021 | K6: India | L6: Suspended | M6: 2.52 | N6: Associate's | O6: 14
A7: EMP00006 | B7: Deborah Lee | C7: 25 | D7: Male | E7: deborah.lee5@company.com | F7: -6418 | G7: Marketing | H7: Director | I7: 167404.74 | J7: 07-03-2023 | K7: Australia | L7: Inactive | M7: 3.62 | N7: PhD | O7: 29
A8: EMP00007 | B8: Barbara Taylor | C8: 30 | D8: Male | E8: barbara.taylor96@company.com | F8: -6728 | G8: Support | H8: Executive | I8: 165184.32 | J8: 28-03-2022 | K8: Australia | L8: Inactive | M8: 4.99 | N8: Bachelor's | O8: 32
A9: EMP00008 | B9: Emily Garcia | C9: 25 | D9: Male | E9: emily.garcia20@company.com | F9: -9020 | G9: Support | H9: Analyst | I9: 90791.26 | J9: 05-05-2023 | K9: Brazil | L9: Pending | M9: 4.88 | N9: High School | O9: 7
A10: EMP00009 | B10: Deborah Wright | C10: 39 | D10: Non-binary | E10: deborah.wright44@company.com | F10: -8836 | G10: Sales | H10: Consultant | I10: 35470.57 | J10: 18-01-2024 | K10: Canada | L10: Inactive | M10: 3.03 | N10: High School | O10: 40
A11: EMP00010 | B11: Lisa Green | C11: 54 | D11: Non-binary | E11: lisa.green26@company.com | F11: -4483 | G11: Design | H11: Associate | I11: 168181.56 | J11: 11-05-2023 | K11: Australia | L11: Suspended | M11: 1.08 | N11: Master's | O11: 19
A12: EMP00011 | B12: Sarah Brown | C12: 37 | D12: Non-binary | E12: sarah.brown11@company.com | F12: -10097 | G12: Marketing | H12: Associate | I12: 146045.99 | J12: 19-09-2020 | K12: Brazil | L12: Inactive | M12: 2.06 | N12: Associate's | O12: 27
A13: EMP00012 | B13: Jessica Wright | C13: 34 | D13: Non-binary | E13: jessica.wright40@company.com | F13: -8512 | G13: Product | H13: Associate | I13: 100465.49 | J13: 22-05-2021 | K13: Germany | L13: Active | M13: 2.35 | N13: Associate's | O13: 35
... A5001: EMP05000 | B5001: Joseph Nguyen | C5001: 64 | D5001: Male | E5001: joseph.nguyen61@company.com | F5001: -8514 | G5001: Product | H5001: Coordinator | I5001: 158699.49 | J5001: 14-09-2024 | K5001: Australia | L5001: Inactive | M5001: 3.93 | N5001: Associate's | O5001: 24

Sheet Conditional_Formatting
A1: Employee_id | B1: Full_Name | C1: Age | D1: Gender | E1: Email | F1: Phone | G1: Department | H1: Job_title | I1: Q2.Salary | J1: Hire_date | K1: Country | L1: Status | M1: Q1.Performance_score | N1: Education_level | O1: Years_experience
A2: EMP00001 | B2: Kevin Davis | C2: 23 | D2: Non-binary | E2: kevin.davis36@company.com | F2: -4063 | G2: Marketing | H2: Associate | I2: 47606.13 | J2: 14-05-2022 | K2: USA | L2: Active | M2: 1.37 | N2: Bachelor's | O2: 32 | Q2: Q1.ApplyConditional Formatting in Excel to highlight performance scores
A3: EMP00002 | B3: Joshua Johnson | C3: 57 | D3: Male | E3: joshua.johnson92@company.com | F3: -11610 | G3: Legal | H3: Director | I3: 100135.31 | J3: 23-07-2021 | K3: USA | L3: Inactive | M3: 3.79 | N3: Master's | O3: 17 | Q3: . Cells should turn red if the value is less than or equals to 2 and green if the values is greater than 4
A4: EMP00003 | B4: Barbara Wilson | C4: 43 | D4: Male | E4: barbara.wilson12@company.com | F4: -7668 | G4: Operations | H4: Lead | I4: 73355.53 | J4: 29-03-2020 | K4: Brazil | L4: Active | M4: 4.89 | N4: PhD | O4: 5
A5: EMP00004 | B5: Michelle Jackson | C5: 62 | D5: Non-binary | E5: michelle.jackson47@company.com | F5: -3225 | G5: Engineering | H5: Director | I5: 147094.91 | J5: 12-06-2020 | K5: Germany | L5: Active | M5: 2.52 | N5: PhD | O5: 40 | Q5: Q2.ApplyConditional Formatting in Excel to highlight Salary
A6: EMP00005 | B6: Betty Hernandez | C6: 45 | D6: Female | E6: betty.hernandez27@company.com | F6: -3427 | G6: Support | H6: Engineer | I6: 112450.28 | J6: 16-05-2021 | K6: India | L6: Suspended | M6: 2.52 | N6: Associate's | O6: 14 | Q6: . Cells should turn red if the value is less than or equals to 100000 and green if the values is greater than 100000
A7: EMP00006 | B7: Deborah Lee | C7: 25 | D7: Male | E7: deborah.lee5@company.com | F7: -6418 | G7: Marketing | H7: Director | I7: 167404.74 | J7: 07-03-2023 | K7: Australia | L7: Inactive | M7: 3.62 | N7: PhD | O7: 29
A8: EMP00007 | B8: Barbara Taylor | C8: 30 | D8: Male | E8: barbara.taylor96@company.com | F8: -6728 | G8: Support | H8: Executive | I8: 165184.32 | J8: 28-03-2022 | K8: Australia | L8: Inactive | M8: 4.99 | N8: Bachelor's | O8: 32
A9: EMP00008 | B9: Emily Garcia | C9: 25 | D9: Male | E9: emily.garcia20@company.com | F9: -9020 | G9: Support | H9: Analyst | I9: 90791.26 | J9: 05-05-2023 | K9: Brazil | L9: Pending | M9: 4.88 | N9: High School | O9: 7
A10: EMP00009 | B10: Deborah Wright | C10: 39 | D10: Non-binary | E10: deborah.wright44@company.com | F10: -8836 | G10: Sales | H10: Consultant | I10: 35470.57 | J10: 18-01-2024 | K10: Canada | L10: Inactive | M10: 3.03 | N10: High School | O10: 40
A11: EMP00010 | B11: Lisa Green | C11: 54 | D11: Non-binary | E11: lisa.green26@company.com | F11: -4483 | G11: Design | H11: Associate | I11: 168181.56 | J11: 11-05-2023 | K11: Australia | L11: Suspended | M11: 1.08 | N11: Master's | O11: 19
A12: EMP00011 | B12: Sarah Brown | C12: 37 | D12: Non-binary | E12: sarah.brown11@company.com | F12: -10097 | G12: Marketing | H12: Associate | I12: 146045.99 | J12: 19-09-2020 | K12: Brazil | L12: Inactive | M12: 2.06 | N12: Associate's | O12: 27
A13: EMP00012 | B13: Jessica Wright | C13: 34 | D13: Non-binary | E13: jessica.wright40@company.com | F13: -8512 | G13: Product | H13: Associate | I13: 100465.49 | J13: 22-05-2021 | K13: Germany | L13: Active | M13: 2.35 | N13: Associate's | O13: 35
A14: EMP00013 | B14: Joseph Nguyen | C14: 36 | D14: Male | E14: joseph.nguyen10@company.com | F14: -3633 | G14: HR | H14: Analyst | I14: 166285.9 | J14: 26-10-2024 | K14: Australia | L14: Active | M14: 3.06 | N14: Master's | O14: 31
A15: EMP00014 | B15: Jessica Wright | C15: 30 | D15: Non-binary | E15: jessica.wright74@company.com | F15: -6354 | G15: Product | H15: Executive | I15: 62609.44 | J15: 17-07-2020 | K15: France | L15: Pending | M15: 2.69 | N15: PhD | O15: 3
A16: EMP00015 | B16: Deborah Adams | C16: 63 | D16: Male | E16: deborah.adams8@company.com | F16: -8015 | G16: Marketing | H16: Director | I16: 62780.56 | J16: 03-01-2023 | K16: Brazil | L16: Inactive | M16: 2.69 | N16: Master's | O16: 29
A17: EMP00016 | B17: Sarah Jones | C17: 50 | D17: Non-binary | E17: sarah.jones13@company.com | F17: -10873 | G17: Engineering | H17: Analyst | I17: 169323.21 | J17: 04-10-2024 | K17: Germany | L17: Inactive | M17: 2.63 | N17: PhD | O17: 13
A18: EMP00017 | B18: Margaret Brown | C18: 32 | D18: Female | E18: margaret.brown1@company.com | F18: -9423 | G18: Finance | H18: Executive | I18: 136005.77 | J18: 05-02-2024 | K18: Japan | L18: Suspended | M18: 1.62 | N18: Master's | O18: 13
... A5001: EMP05000 | B5001: Joseph Nguyen | C5001: 64 | D5001: Male | E5001: joseph.nguyen61@company.com | F5001: -8514 | G5001: Product | H5001: Coordinator | I5001: 158699.49 | J5001: 14-09-2024 | K5001: Australia | L5001: Inactive | M5001: 3.93 | N5001: Associate's | O5001: 24

Sheet IF funtion
A1: Using IF, IFS, Nested IF , IF+AND Funtion
A2: employee_id | B2: full_name | C2: performance_score | D2: Q1.Perform status | E2: Q2.Perform status | F2: Q3.Perform status | G2: Q4. bonous status | H2: Q5. STATUS | J2: Q1.If performance score is less than 3, then High Performer.
A3: EMP00001 | B3: Kevin Davis | C3: 1.37 | D3: =IF($C3>=3,"✅High Performer","📈Low Performer") -> 📈Low Performer | E3: {=_xlfn.IFS(C3>= 4.5,"Excellent",C3 >=3.5,"Good",C3>=2.5,"Average",C3>= 1.5,"Below Avg",C3<1.5,"Poor")} -> Poor | F3: =IF(C3>=4.5,"Top Employee",IF(C3>=2.5,"Developing","At Risk")) -> At Risk | G3: =IF(AND(C3>=4.5,C3<=5),"50% Bonus",IF(AND(C3>=2.5,C3<4.5),"30% Bonus","No Bonus")) -> No Bonus | H3: =IF(OR(C3<=2,C3>=5),"Invalid","Valid") -> Invalid | J3: Q2.If the performance score is greater than or equal to 4.5, then "Excellent". If it is greater than or equal to 3.5, then "Good". If it is greater than or equal to 2.5, then "Average". If it is greater than or equal to 1.5, then "Below Avg". If it is less than 1.5, then "Poor"
A4: EMP00002 | B4: Joshua Johnson | C4: 3.79 | D4: =IF($C4>=3,"✅High Performer","📈Low Performer") -> ✅High Performer | E4: {=_xlfn.IFS(C4>= 4.5,"Excellent",C4 >=3.5,"Good",C4>=2.5,"Average",C4>= 1.5,"Below Avg",C4<1.5,"Poor")} -> Good | F4: =IF(C4>=4.5,"Top Employee",IF(C4>=2.5,"Developing","At Risk")) -> Developing | G4: =IF(AND(C4>=4.5,C4<=5),"50% Bonus",IF(AND(C4>=2.5,C4<4.5),"30% Bonus","No Bonus")) -> 30% Bonus | H4: =IF(OR(C4<=2,C4>=5),"Invalid","Valid") -> Valid | J4: Q3.If the performance score is greater than or equal to 4.5, then "Top Employee". If it is greater than or equal to 2.5, then "Developing". Otherwise, it is "At Risk"
A5: EMP00003 | B5: Barbara Wilson | C5: 4.89 | D5: =IF($C5>=3,"✅High Performer","📈Low Performer") -> ✅High Performer | E5: {=_xlfn.IFS(C5>= 4.5,"Excellent",C5 >=3.5,"Good",C5>=2.5,"Average",C5>= 1.5,"Below Avg",C5<1.5,"Poor")} -> Excellent | F5: =IF(C5>=4.5,"Top Employee",IF(C5>=2.5,"Developing","At Risk")) -> Top Employee | G5: =IF(AND(C5>=4.5,C5<=5),"50% Bonus",IF(AND(C5>=2.5,C5<4.5),"30% Bonus","No Bonus")) -> 50% Bonus | H5: =IF(OR(C5<=2,C5>=5),"Invalid","Valid") -> Valid | J5: Q4.If the performance score is between 4.5 and 5 (inclusive), then "50% Bonus". If it is greater than or equal to 2.5 and less than 4.5, then "30% Bonus". Otherwise, it is "No Bonus
A6: EMP00004 | B6: Michelle Jackson | C6: 2.52 | D6: =IF($C6>=3,"✅High Performer","📈Low Performer") -> 📈Low Performer | E6: {=_xlfn.IFS(C6>= 4.5,"Excellent",C6 >=3.5,"Good",C6>=2.5,"Average",C6>= 1.5,"Below Avg",C6<1.5,"Poor")} -> Average | F6: =IF(C6>=4.5,"Top Employee",IF(C6>=2.5,"Developing","At Risk")) -> Developing | G6: =IF(AND(C6>=4.5,C6<=5),"50% Bonus",IF(AND(C6>=2.5,C6<4.5),"30% Bonus","No Bonus")) -> 30% Bonus | H6: =IF(OR(C6<=2,C6>=5),"Invalid","Valid") -> Valid | J6: Q5.If the performance score is less than or equal to 2 or greater than or equal to 5, then "Invalid". Otherwise, it is "Valid".
A7: EMP00005 | B7: Betty Hernandez | C7: 2.52 | D7: =IF($C7>=3,"✅High Performer","📈Low Performer") -> 📈Low Performer | E7: {=_xlfn.IFS(C7>= 4.5,"Excellent",C7 >=3.5,"Good",C7>=2.5,"Average",C7>= 1.5,"Below Avg",C7<1.5,"Poor")} -> Average | F7: =IF(C7>=4.5,"Top Employee",IF(C7>=2.5,"Developing","At Risk")) -> Developing | G7: =IF(AND(C7>=4.5,C7<=5),"50% Bonus",IF(AND(C7>=2.5,C7<4.5),"30% Bonus","No Bonus")) -> 30% Bonus | H7: =IF(OR(C7<=2,C7>=5),"Invalid","Valid") -> Valid
A8: EMP00006 | B8: Deborah Lee | C8: 3.62 | D8: =IF($C8>=3,"✅High Performer","📈Low Performer") -> ✅High Performer | E8: {=_xlfn.IFS(C8>= 4.5,"Excellent",C8 >=3.5,"Good",C8>=2.5,"Average",C8>= 1.5,"Below Avg",C8<1.5,"Poor")} -> Good | F8: =IF(C8>=4.5,"Top Employee",IF(C8>=2.5,"Developing","At Risk")) -> Developing | G8: =IF(AND(C8>=4.5,C8<=5),"50% Bonus",IF(AND(C8>=2.5,C8<4.5),"30% Bonus","No Bonus")) -> 30% Bonus | H8: =IF(OR(C8<=2,C8>=5),"Invalid","Valid") -> Valid
A9: EMP00007 | B9: Barbara Taylor | C9: 4.99 | D9: =IF($C9>=3,"✅High Performer","📈Low Performer") -> ✅High Performer | E9: {=_xlfn.IFS(C9>= 4.5,"Excellent",C9 >=3.5,"Good",C9>=2.5,"Average",C9>= 1.5,"Below Avg",C9<1.5,"Poor")} -> Excellent | F9: =IF(C9>=4.5,"Top Employee",IF(C9>=2.5,"Developing","At Risk")) -> Top Employee | G9: =IF(AND(C9>=4.5,C9<=5),"50% Bonus",IF(AND(C9>=2.5,C9<4.5),"30% Bonus","No Bonus")) -> 50% Bonus | H9: =IF(OR(C9<=2,C9>=5),"Invalid","Valid") -> Valid
A10: EMP00008 | B10: Emily Garcia | C10: 4.88 | D10: =IF($C10>=3,"✅High Performer","📈Low Performer") -> ✅High Performer | E10: {=_xlfn.IFS(C10>= 4.5,"Excellent",C10 >=3.5,"Good",C10>=2.5,"Average",C10>= 1.5,"Below Avg",C10<1.5,"Poor")} -> Excellent | F10: =IF(C10>=4.5,"Top Employee",IF(C10>=2.5,"Developing","At Risk")) -> Top Employee | G10: =IF(AND(C10>=4.5,C10<=5),"50% Bonus",IF(AND(C10>=2.5,C10<4.5),"30% Bonus","No Bonus")) -> 50% Bonus | H10: =IF(OR(C10<=2,C10>=5),"Invalid","Valid") -> Valid
A11: EMP00009 | B11: Deborah Wright | C11: 3.03 | D11: =IF($C11>=3,"✅High Performer","📈Low Performer") -> ✅High Performer | E11: {=_xlfn.IFS(C11>= 4.5,"Excellent",C11 >=3.5,"Good",C11>=2.5,"Average",C11>= 1.5,"Below Avg",C11<1.5,"Poor")} -> Average | F11: =IF(C11>=4.5,"Top Employee",IF(C11>=2.5,"Developing","At Risk")) -> Developing | G11: =IF(AND(C11>=4.5,C11<=5),"50% Bonus",IF(AND(C11>=2.5,C11<4.5),"30% Bonus","No Bonus")) -> 30% Bonus | H11: =IF(OR(C11<=2,C11>=5),"Invalid","Valid") -> Valid
A12: EMP00010 | B12: Lisa Green | C12: 1.08 | D12: =IF($C12>=3,"✅High Performer","📈Low Performer") -> 📈Low Performer | E12: {=_xlfn.IFS(C12>= 4.5,"Excellent",C12 >=3.5,"Good",C12>=2.5,"Average",C12>= 1.5,"Below Avg",C12<1.5,"Poor")} -> Poor | F12: =IF(C12>=4.5,"Top Employee",IF(C12>=2.5,"Developing","At Risk")) -> At Risk | G12: =IF(AND(C12>=4.5,C12<=5),"50% Bonus",IF(AND(C12>=2.5,C12<4.5),"30% Bonus","No Bonus")) -> No Bonus | H12: =IF(OR(C12<=2,C12>=5),"Invalid","Valid") -> Invalid
A13: EMP00011 | B13: Sarah Brown | C13: 2.06 | D13: =IF($C13>=3,"✅High Performer","📈Low Performer") -> 📈Low Performer | E13: {=_xlfn.IFS(C13>= 4.5,"Excellent",C13 >=3.5,"Good",C13>=2.5,"Average",C13>= 1.5,"Below Avg",C13<1.5,"Poor")} -> Below Avg | F13: =IF(C13>=4.5,"Top Employee",IF(C13>=2.5,"Developing","At Risk")) -> At Risk | G13: =IF(AND(C13>=4.5,C13<=5),"50% Bonus",IF(AND(C13>=2.5,C13<4.5),"30% Bonus","No Bonus")) -> No Bonus | H13: =IF(OR(C13<=2,C13>=5),"Invalid","Valid") -> Valid
A14: EMP00012 | B14: Jessica Wright | C14: 2.35 | D14: =IF($C14>=3,"✅High Performer","📈Low Performer") -> 📈Low Performer | E14: {=_xlfn.IFS(C14>= 4.5,"Excellent",C14 >=3.5,"Good",C14>=2.5,"Average",C14>= 1.5,"Below Avg",C14<1.5,"Poor")} -> Below Avg | F14: =IF(C14>=4.5,"Top Employee",IF(C14>=2.5,"Developing","At Risk")) -> At Risk | G14: =IF(AND(C14>=4.5,C14<=5),"50% Bonus",IF(AND(C14>=2.5,C14<4.5),"30% Bonus","No Bonus")) -> No Bonus | H14: =IF(OR(C14<=2,C14>=5),"Invalid","Valid") -> Valid
A15: EMP00013 | B15: Joseph Nguyen | C15: 3.06 | D15: =IF($C15>=3,"✅High Performer","📈Low Performer") -> ✅High Performer | E15: {=_xlfn.IFS(C15>= 4.5,"Excellent",C15 >=3.5,"Good",C15>=2.5,"Average",C15>= 1.5,"Below Avg",C15<1.5,"Poor")} -> Average | F15: =IF(C15>=4.5,"Top Employee",IF(C15>=2.5,"Developing","At Risk")) -> Developing | G15: =IF(AND(C15>=4.5,C15<=5),"50% Bonus",IF(AND(C15>=2.5,C15<4.5),"30% Bonus","No Bonus")) -> 30% Bonus | H15: =IF(OR(C15<=2,C15>=5),"Invalid","Valid") -> Valid
A16: EMP00014 | B16: Jessica Wright | C16: 2.69 | D16: =IF($C16>=3,"✅High Performer","📈Low Performer") -> 📈Low Performer | E16: {=_xlfn.IFS(C16>= 4.5,"Excellent",C16 >=3.5,"Good",C16>=2.5,"Average",C16>= 1.5,"Below Avg",C16<1.5,"Poor")} -> Average | F16: =IF(C16>=4.5,"Top Employee",IF(C16>=2.5,"Developing","At Risk")) -> Developing | G16: =IF(AND(C16>=4.5,C16<=5),"50% Bonus",IF(AND(C16>=2.5,C16<4.5),"30% Bonus","No Bonus")) -> 30% Bonus | H16: =IF(OR(C16<=2,C16>=5),"Invalid","Valid") -> Valid
A17: EMP00015 | B17: Deborah Adams | C17: 2.69 | D17: =IF($C17>=3,"✅High Performer","📈Low Performer") -> 📈Low Performer | E17: {=_xlfn.IFS(C17>= 4.5,"Excellent",C17 >=3.5,"Good",C17>=2.5,"Average",C17>= 1.5,"Below Avg",C17<1.5,"Poor")} -> Average | F17: =IF(C17>=4.5,"Top Employee",IF(C17>=2.5,"Developing","At Risk")) -> Developing | G17: =IF(AND(C17>=4.5,C17<=5),"50% Bonus",IF(AND(C17>=2.5,C17<4.5),"30% Bonus","No Bonus")) -> 30% Bonus | H17: =IF(OR(C17<=2,C17>=5),"Invalid","Valid") -> Valid
A18: EMP00016 | B18: Sarah Jones | C18: 2.63 | D18: =IF($C18>=3,"✅High Performer","📈Low Performer") -> 📈Low Performer | E18: {=_xlfn.IFS(C18>= 4.5,"Excellent",C18 >=3.5,"Good",C18>=2.5,"Average",C18>= 1.5,"Below Avg",C18<1.5,"Poor")} -> Average | F18: =IF(C18>=4.5,"Top Employee",IF(C18>=2.5,"Developing","At Risk")) -> Developing | G18: =IF(AND(C18>=4.5,C18<=5),"50% Bonus",IF(AND(C18>=2.5,C18<4.5),"30% Bonus","No Bonus")) -> 30% Bonus | H18: =IF(OR(C18<=2,C18>=5),"Invalid","Valid") -> Valid
... A5002: EMP05000 | B5002: Joseph Nguyen | C5002: 3.93 | D5002: =IF($C5002>=3,"✅High Performer","📈Low Performer") -> ✅High Performer | E5002: {=_xlfn.IFS(C5002>= 4.5,"Excellent",C5002 >=3.5,"Good",C5002>=2.5,"Average",C5002>= 1.5,"Below Avg",C5002<1.5,"Poor")} -> Good | F5002: =IF(C5002>=4.5,"Top Employee",IF(C5002>=2.5,"Developing","At Risk")) -> Developing | G5002: =IF(AND(C5002>=4.5,C5002<=5),"50% Bonus",IF(AND(C5002>=2.5,C5002<4.5),"30% Bonus","No Bonus")) -> 30% Bonus | H5002: =IF(OR(C5002<=2,C5002>=5),"Invalid","Valid") -> Valid

Sheet Average funtion
G1: 7.FIND MAX AND MIN PERFORMANCE SCORE | L1: Deperment | O1: Bachelor's
E2: 7.Max Performance Score | F2: 7.Min Performance Score | L2: Marketing | O2: Master's | S2: 8
A3: 1.Average Performance Score | B3: 2.Average Salary | C3: 1.AVG PERFORMANCE SCORE? | E3: =MAX(employee_dataset!M2:M5001) -> 5 | F3: =MIN(employee_dataset!M4981:M5001) -> 1.4 | L3: Legal | O3: PhD | Q3: Inactive | S3: 2
A4: =AVERAGE(employee_dataset!M4981:M5001) -> 2.9428571 | B4: =AVERAGE(employee_dataset!I4981) -> 97604.43 | C4: 2.AVG SALARY? | E4: 8.Max Salary | F4: 8.Min Salary | G4: 8. FIND MAX AND MIN. SALARY | L4: Operations | O4: Associate's | Q4: Active | S4: 13
A5: 3.Average Expirence | C5: 3.AVG EXPERINCE? | E5: =MAX(employee_dataset!I4981:I5001) -> 167894.07 | F5: =MIN(employee_dataset!I4981) -> 97604.43 | L5: Engineering | O5: High School | Q5: Pending | S5: 19
A6: =AVERAGE(employee_dataset!O4981:O5001) -> 18.333333 | L6: Support | Q6: Suspended | S6: 7
E7: 9.Max Expirence | F7: 9.Min Expirence | G7: 9. FIND MAX AND MIN EXPIRENCE | L7: Sales | S7: 18
E8: =MAX(employee_dataset!O4981:O5001) -> 40 | F8: =MIN(employee_dataset!O4981:O5001) -> 2 | L8: Design | S8: 35
A9: 4.Department | B9: Salary | C9: 4.DEPERTMENT WISE SALARY? | L9: Product | S9: 15
A10: Operations | B10: =AVERAGEIF(L2:L11,A10,employee_dataset!I2:I5001) -> 73355.53 | L10: HR | S10: 31
A11: ☝Change this above to lookup | L11: Finance | S11: 4
A12: 5.Department | B12: Performance_score | C12: 5.DEPT WISE PERFORMANCE SCORE? | S12: 29
A13: Sales | B13: =AVERAGEIF(L2:L11,A13,employee_dataset!M2:M5001) -> 3.62 | S13: 40
A14: ☝Change this above to lookup | S14: 17
S15: 3
S16: 30
A17: 6.Average salary/Performance score of depertment and status wise | S17: 22
A18: Department Dropdown | B18: Staus | C18: Salary | D18: 6.FIND DEPERTMANT AND STATUS WISE SALARY AND PERFORMANCE SCORE | S18: 24
C19: =AVERAGEIFS(employee_dataset!I2:I5001,employee_dataset!G2:G5001,A20,employee_dataset!L2:L5001,B20) -> 111449.99
A20: Design | B20: Pending | C20: Performance_score
C21: =AVERAGEIFS(employee_dataset!M2:M5001,employee_dataset!G2:G5001,A20,employee_dataset!L2:L5001,B20) -> 3.0470492
A22: ☝Change this above to lookup | B22: ☝Change this above to lookup

Sheet vlookup
V1: EMP00001
V2: EMP00002
A3: Employee_ID | B3: EMP02534 | H3: FIND ALL DETAILS ABOUT AN EMPLOYEE USING EMPLOYEE ID | V3: EMP00003
B4: ☝Change this above to look any Employee | V4: EMP00004
A5: Feild | B5: Details | V5: EMP00005
A6: Full_Name | B6: =VLOOKUP(B3,employee_dataset!A2:O5001,2,0) -> Christopher Lewis | V6: EMP00006
A7: Age | B7: =VLOOKUP(B3,employee_dataset!A2:O5001,3,0) -> 39 | V7: EMP00007
A8: Gender | B8: =VLOOKUP(B3,employee_dataset!A2:O5001,4,0) -> Non-binary | V8: EMP00008
A9: Department | B9: =VLOOKUP(B3,employee_dataset!A2:O5001,7,0) -> Legal | V9: EMP00009
A10: Job_title | B10: =VLOOKUP(B3,employee_dataset!A2:O5001,8,0) -> Executive | V10: EMP00010
A11: Salary | B11: =VLOOKUP(B3,employee_dataset!A2:O5001,9,0) -> 101370.89 | V11: EMP00011
A12: Status | B12: =VLOOKUP(B3,employee_dataset!A2:O5001,12,0) -> Pending | V12: EMP00012
A13: Performance_score | B13: =VLOOKUP(B3,employee_dataset!A2:O5001,13,0) -> 4.8 | V13: EMP00013
A14: Education_level | B14: =VLOOKUP(B3,employee_dataset!A2:O5001,14,0) -> Associate's | V14: EMP00014
A15: Years_experience | B15: =VLOOKUP(B3,employee_dataset!A2:O5001,15,0) -> 28 | V15: EMP00015
V16: EMP00016
V17: EMP00017
V18: EMP00018
V19: EMP00019
V20: EMP00020
V21: EMP00021
V22: EMP00022
V23: EMP00023
V24: EMP00024
V25: EMP00025
V26: EMP00026
V27: EMP00027
... V5000: EMP05000

Sheet Sum nd CountFuntion
U1: USA
A2: 1.Total Payout | B2: Total Payout | C2: 1.FIND TOTAL PAYOUTS ALL DEPERTMENTS | U2: Brazil
A3: Total Payout (All Depertments) | B3: =SUM(employee_dataset!I2:I5001) -> 5.4070626e+08 | U3: Germany
G4: COUNTA Formula | H4: Total | J4: 4.COUNT TOTAL NUMBER OF EMPLOYES | U4: India
A5: 2.Depertment | B5: Total Salary | G5: Total numbers of employee | H5: =COUNTA(Conditional_Formatting!A2:A5001) -> 5000 | J5: 5.COUNT STATUS OF EMPLOYEES USING DROPDOWN | U5: Australia
A6: Marketing | B6: =SUMIF(employee_dataset!$G$2:$G$5001,$A6,employee_dataset!$I$2:$I$5001) -> 51541280 | C6: 2.FIND TOTAL SALARY FOR DEPERTMENTS ONE BY ONE | J6: 6.COUNT DEPERTMENT AND STATUS WISE EMPLOYEES | U6: Canada
A7: Legal | B7: =SUMIF(employee_dataset!$G$2:$G$5001,$A7,employee_dataset!$I$2:$I$5001) -> 51450050 | G7: Status of Employee | H7: Total | U7: France
A8: Operations | B8: =SUMIF(employee_dataset!$G$2:$G$5001,$A8,employee_dataset!$I$2:$I$5001) -> 57713359 | G8: Active | H8: =COUNTIF(employee_dataset!L2:L5001,'Sum nd CountFuntion'!G8) -> 1177 | U8: Japan
A9: Engineering | B9: =SUMIF(employee_dataset!$G$2:$G$5001,$A9,employee_dataset!$I$2:$I$5001) -> 55373550 | U9: Singapore
A10: Support | B10: =SUMIF(employee_dataset!$G$2:$G$5001,$A10,employee_dataset!$I$2:$I$5001) -> 55675425 | G10: Depertment | H10: Status | U10: UK
A11: Sales | B11: =SUMIF(employee_dataset!$G$2:$G$5001,$A11,employee_dataset!$I$2:$I$5001) -> 51388864 | G11: Operations | H11: Active | I11: =COUNTIFS(employee_dataset!G2:G5001,G11,employee_dataset!L2:L5001,H11) -> 108
A12: Design | B12: =SUMIF(employee_dataset!$G$2:$G$5001,$A12,employee_dataset!$I$2:$I$5001) -> 51332666
A13: Product | B13: =SUMIF(employee_dataset!$G$2:$G$5001,$A13,employee_dataset!$I$2:$I$5001) -> 58144601
A14: HR | B14: =SUMIF(employee_dataset!$G$2:$G$5001,$A14,employee_dataset!$I$2:$I$5001) -> 53536508 | U14: Active
A15: Finance | B15: =SUMIF(employee_dataset!$G$2:$G$5001,$A15,employee_dataset!$I$2:$I$5001) -> 54549955 | U15: Inactive
D16: 3.DEPERTMENT WISE & COUNTRY TOTAL SALARY USING DROPDOWN | U16: Suspended
A17: Depertment | B17: Country | C17: 3.Depertment and Country wise total salary | U17: Pending
A18: Operations | B18: Australia | C18: =SUMIFS(employee_dataset!I2:I5001,employee_dataset!G2:G5001,A18,employee_dataset!K2:K5001,B18) -> 5243324.5

Sheet index and match funtion
A1: Employee_ID | B1: Full_Name | C1: Age | D1: Gender | E1: Email | F1: Phone | G1: Department | H1: Job_title | I1: Salary | J1: Hire_date | K1: Country | L1: Status | M1: Performance_score | N1: Education_level | O1: Years_experience | S1: 1 | V1: 1.WHCH VALUE OF SL NUMBER
A2: EMP00001 | B2: Kevin Davis | C2: 23 | D2: Non-binary | E2: kevin.davis36@company.com | F2: -4063 | G2: Marketing | H2: Associate | I2: 47606.13 | J2: 14-05-2022 | K2: USA | L2: Active | M2: 1.37 | N2: Bachelor's | O2: 32 | S2: S L Number | T2: Value | V2: 2.WHAT IS VALUE OF ROW NUM 1001 & COL NUM 8
A3: EMP00002 | B3: Joshua Johnson | C3: 57 | D3: Male | E3: joshua.johnson92@company.com | F3: -11610 | G3: Legal | H3: Director | I3: 100135.31 | J3: 23-07-2021 | K3: USA | L3: Inactive | M3: 3.79 | N3: Master's | O3: 17 | S3: 1 | T3: {=INDEX(A2:A5001,S3)} -> EMP00001 | V3: 3.FIND JOB TITLE USINGEMPLOYEE ID
A4: EMP00003 | B4: Barbara Wilson | C4: 43 | D4: Male | E4: barbara.wilson12@company.com | F4: -7668 | G4: Operations | H4: Lead | I4: 73355.53 | J4: 29-03-2020 | K4: Brazil | L4: Active | M4: 4.89 | N4: PhD | O4: 5 | V4: 4.FIND NAME, AGE, GENDER, EMAIL, PHONE AND DEPERTMENT USING EMPID
A5: EMP00004 | B5: Michelle Jackson | C5: 62 | D5: Non-binary | E5: michelle.jackson47@company.com | F5: -3225 | G5: Engineering | H5: Director | I5: 147094.91 | J5: 12-06-2020 | K5: Germany | L5: Active | M5: 2.52 | N5: PhD | O5: 40
A6: EMP00005 | B6: Betty Hernandez | C6: 45 | D6: Female | E6: betty.hernandez27@company.com | F6: -3427 | G6: Support | H6: Engineer | I6: 112450.28 | J6: 16-05-2021 | K6: India | L6: Suspended | M6: 2.52 | N6: Associate's | O6: 14 | S6: 2
A7: EMP00006 | B7: Deborah Lee | C7: 25 | D7: Male | E7: deborah.lee5@company.com | F7: -6418 | G7: Marketing | H7: Director | I7: 167404.74 | J7: 07-03-2023 | K7: Australia | L7: Inactive | M7: 3.62 | N7: PhD | O7: 29 | S7: row no | T7: col no | U7: value
A8: EMP00007 | B8: Barbara Taylor | C8: 30 | D8: Male | E8: barbara.taylor96@company.com | F8: -6728 | G8: Support | H8: Executive | I8: 165184.32 | J8: 28-03-2022 | K8: Australia | L8: Inactive | M8: 4.99 | N8: Bachelor's | O8: 32 | S8: 1001 | T8: 8 | U8: {=INDEX(A1:O5001,S8,T8)} -> Associate
A9: EMP00008 | B9: Emily Garcia | C9: 25 | D9: Male | E9: emily.garcia20@company.com | F9: -9020 | G9: Support | H9: Analyst | I9: 90791.26 | J9: 05-05-2023 | K9: Brazil | L9: Pending | M9: 4.88 | N9: High School | O9: 7
A10: EMP00009 | B10: Deborah Wright | C10: 39 | D10: Non-binary | E10: deborah.wright44@company.com | F10: -8836 | G10: Sales | H10: Consultant | I10: 35470.57 | J10: 18-01-2024 | K10: Canada | L10: Inactive | M10: 3.03 | N10: High School | O10: 40 | S10: 3
A11: EMP00010 | B11: Lisa Green | C11: 54 | D11: Non-binary | E11: lisa.green26@company.com | F11: -4483 | G11: Design | H11: Associate | I11: 168181.56 | J11: 11-05-2023 | K11: Australia | L11: Suspended | M11: 1.08 | N11: Master's | O11: 19 | S11: Employee_ID | T11: Job_title
A12: EMP00011 | B12: Sarah Brown | C12: 37 | D12: Non-binary | E12: sarah.brown11@company.com | F12: -10097 | G12: Marketing | H12: Associate | I12: 146045.99 | J12: 19-09-2020 | K12: Brazil | L12: Inactive | M12: 2.06 | N12: Associate's | O12: 27 | S12: EMP00007 | T12: =INDEX(H2:H5001,MATCH(S12,A2:A5001,0)) -> Executive
A13: EMP00012 | B13: Jessica Wright | C13: 34 | D13: Non-binary | E13: jessica.wright40@company.com | F13: -8512 | G13: Product | H13: Associate | I13: 100465.49 | J13: 22-05-2021 | K13: Germany | L13: Active | M13: 2.35 | N13: Associate's | O13: 35
A14: EMP00013 | B14: Joseph Nguyen | C14: 36 | D14: Male | E14: joseph.nguyen10@company.com | F14: -3633 | G14: HR | H14: Analyst | I14: 166285.9 | J14: 26-10-2024 | K14: Australia | L14: Active | M14: 3.06 | N14: Master's | O14: 31 | S14: 4
A15: EMP00014 | B15: Jessica Wright | C15: 30 | D15: Non-binary | E15: jessica.wright74@company.com | F15: -6354 | G15: Product | H15: Executive | I15: 62609.44 | J15: 17-07-2020 | K15: France | L15: Pending | M15: 2.69 | N15: PhD | O15: 3 | S15: Employee_ID | T15: Full_Name | U15: Age | V15: Gender | W15: Email | X15: Phone | Y15: Department
A16: EMP00015 | B16: Deborah Adams | C16: 63 | D16: Male | E16: deborah.adams8@company.com | F16: -8015 | G16: Marketing | H16: Director | I16: 62780.56 | J16: 03-01-2023 | K16: Brazil | L16: Inactive | M16: 2.69 | N16: Master's | O16: 29 | S16: EMP00003 | T16: =INDEX($A$1:$O$5001,MATCH($S$16,$A2:$A5001,0),MATCH(T15,$A$1:$O$1,0)) -> Joshua Johnson | U16: =INDEX($A$1:$O$5001,MATCH($S$16,$A2:$A5001,0),MATCH(U15,$A$1:$O$1,0)) -> 57 | V16: =INDEX($A$1:$O$5001,MATCH($S$16,$A2:$A5001,0),MATCH(V15,$A$1:$O$1,0)) -> Male | W16: =INDEX($A$1:$O$5001,MATCH($S$16,$A2:$A5001,0),MATCH(W15,$A$1:$O$1,0)) -> joshua.johnson92@company.com | X16: =INDEX($A$1:$O$5001,MATCH($S$16,$A2:$A5001,0),MATCH(X15,$A$1:$O$1,0)) -> -11610 | Y16: =INDEX($A$1:$O$5001,MATCH($S$16,$A2:$A5001,0),MATCH(Y15,$A$1:$O$1,0)) -> Legal
A17: EMP00016 | B17: Sarah Jones | C17: 50 | D17: Non-binary | E17: sarah.jones13@company.com | F17: -10873 | G17: Engineering | H17: Analyst | I17: 169323.21 | J17: 04-10-2024 | K17: Germany | L17: Inactive | M17: 2.63 | N17: PhD | O17: 13
A18: EMP00017 | B18: Margaret Brown | C18: 32 | D18: Female | E18: margaret.brown1@company.com | F18: -9423 | G18: Finance | H18: Executive | I18: 136005.77 | J18: 05-02-2024 | K18: Japan | L18: Suspended | M18: 1.62 | N18: Master's | O18: 13
A19: EMP00018 | B19: Patricia Nguyen | C19: 56 | D19: Male | E19: patricia.nguyen96@company.com | F19: -2499 | G19: Support | H19: Consultant | I19: 107913.31 | J19: 12-10-2024 | K19: Japan | L19: Inactive | M19: 1.23 | N19: Associate's | O19: 5
A20: EMP00019 | B20: Susan Jones | C20: 60 | D20: Male | E20: susan.jones87@company.com | F20: -3916 | G20: Support | H20: Director | I20: 118943.26 | J20: 22-03-2020 | K20: Singapore | L20: Active | M20: 2.68 | N20: Associate's | O20: 36
A21: EMP00020 | B21: Donna Lee | C21: 38 | D21: Male | E21: donna.lee86@company.com | F21: -6263 | G21: Finance | H21: Executive | I21: 53977.35 | J21: 14-08-2023 | K21: Canada | L21: Suspended | M21: 2.26 | N21: High School | O21: 0
A22: EMP00021 | B22: Ashley Flores | C22: 58 | D22: Male | E22: ashley.flores10@company.com | F22: -10355 | G22: Finance | H22: Engineer | I22: 170322.61 | J22: 09-12-2024 | K22: UK | L22: Inactive | M22: 2.48 | N22: Bachelor's | O22: 28
A23: EMP00022 | B23: Paul Rivera | C23: 41 | D23: Non-binary | E23: paul.rivera84@company.com | F23: -6753 | G23: Marketing | H23: Engineer | I23: 73347.56 | J23: 27-12-2024 | K23: UK | L23: Inactive | M23: 2.09 | N23: Associate's | O23: 13
A24: EMP00023 | B24: Stephanie Perez | C24: 35 | D24: Non-binary | E24: stephanie.perez82@company.com | F24: -10090 | G24: Finance | H24: Manager | I24: 48383.28 | J24: 17-05-2022 | K24: Canada | L24: Active | M24: 1.01 | N24: Bachelor's | O24: 40
A25: EMP00024 | B25: Thomas Hernandez | C25: 50 | D25: Non-binary | E25: thomas.hernandez91@company.com | F25: -2468 | G25: Marketing | H25: Analyst | I25: 172032.39 | J25: 16-11-2023 | K25: India | L25: Active | M25: 4.34 | N25: Associate's | O25: 35
A26: EMP00025 | B26: Barbara Ramirez | C26: 30 | D26: Male | E26: barbara.ramirez40@company.com | F26: -3140 | G26: Operations | H26: Director | I26: 133899.67 | J26: 27-09-2023 | K26: UK | L26: Pending | M26: 4.12 | N26: PhD | O26: 39
A27: EMP00026 | B27: Dorothy Martinez | C27: 37 | D27: Male | E27: dorothy.martinez23@company.com | F27: -4684 | G27: Operations | H27: Executive | I27: 151324.1 | J27: 04-11-2024 | K27: Germany | L27: Pending | M27: 1.64 | N27: High School | O27: 24
A28: EMP00027 | B28: John Walker | C28: 36 | D28: Male | E28: john.walker59@company.com | F28: -5697 | G28: HR | H28: Manager | I28: 130704.81 | J28: 27-03-2022 | K28: Australia | L28: Pending | M28: 4.46 | N28: Master's | O28: 22
... A5001: EMP05000 | B5001: Joseph Nguyen | C5001: 64 | D5001: Male | E5001: joseph.nguyen61@company.com | F5001: -8514 | G5001: Product | H5001: Coordinator | I5001: 158699.49 | J5001: 14-09-2024 | K5001: Australia | L5001: Inactive | M5001: 3.93 | N5001: Associate's | O5001: 24

Sheet table
A1: Employee_ID | B1: Full_Name | C1: Age | D1: Gender | E1: Email | F1: Phone | G1: Department | H1: Job_title | I1: Salary | J1: Hire_date | K1: Country | L1: Status | M1: Performance_score | N1: Education_level | O1: Years_experience
A2: EMP00001 | B2: Kevin Davis | C2: 23 | D2: Non-binary | E2: kevin.davis36@company.com | F2: -4063 | G2: Marketing | H2: Associate | I2: 47606.13 | J2: 14-05-2022 | K2: USA | L2: Active | M2: 1.37 | N2: Bachelor's | O2: 32
A3: EMP00002 | B3: Joshua Johnson | C3: 57 | D3: Male | E3: joshua.johnson92@company.com | F3: -11610 | G3: Legal | H3: Not Available | I3: 100135.31 | J3: 23-07-2021 | K3: USA | L3: Inactive | M3: 3.79 | N3: Master's | O3: 17
A4: EMP00003 | B4: Barbara Wilson | C4: 43 | D4: Male | E4: barbara.wilson12@company.com | F4: -7668 | G4: Operations | H4: Not Available | I4: 73355.53 | J4: 29-03-2020 | K4: Brazil | L4: Active | M4: 4.89 | N4: PhD | O4: 5
A5: EMP00004 | B5: Michelle Jackson | C5: 62 | D5: Non-binary | E5: They are dead | F5: -3225 | G5: Engineering | H5: Not Available | I5: 147094.91 | J5: 12-06-2020 | K5: Germany | L5: Active | M5: 2.52 | N5: PhD | O5: 40
A6: EMP00005 | B6: Betty Hernandez | C6: 45 | D6: Female | E6: betty.hernandez27@company.com | F6: -3427 | G6: Support | H6: Engineer | I6: 112450.28 | J6: 16-05-2021 | K6: India | L6: Suspended | M6: 2.52 | N6: Associate's | O6: 14
A7: EMP00006 | B7: Deborah Lee | C7: 25 | D7: Male | E7: They are dead | F7: -6418 | G7: Marketing | H7: Not Available | I7: 167404.74 | J7: 07-03-2023 | K7: Australia | L7: Inactive | M7: 3.62 | N7: PhD | O7: 29
A8: EMP00007 | B8: Barbara Taylor | C8: 30 | D8: Male | E8: They are dead | F8: -6728 | G8: Support | H8: Executive | I8: 165184.32 | J8: 28-03-2022 | K8: Australia | L8: Inactive | M8: 4.99 | N8: Bachelor's | O8: 32
A9: EMP00008 | B9: Emily Garcia | C9: 25 | D9: Male | E9: They are dead | F9: -9020 | G9: Support | H9: Analyst | I9: 90791.26 | J9: 05-05-2023 | K9: Brazil | L9: Pending | M9: 4.88 | N9: High School | O9: 7
A10: EMP00009 | B10: Deborah Wright | C10: 39 | D10: Non-binary | E10: They are dead | F10: -8836 | G10: Sales | H10: Not Available | I10: 35470.57 | J10: 18-01-2024 | K10: Canada | L10: Inactive | M10: 3.03 | N10: High School | O10: 40
A11: EMP00010 | B11: Lisa Green | C11: 54 | D11: Non-binary | E11: lisa.green26@company.com | F11: -4483 | G11: Design | H11: Not Available | I11: 168181.56 | J11: 11-05-2023 | K11: Australia | L11: Suspended | M11: 1.08 | N11: Master's | O11: 19
A12: EMP00011 | B12: Sarah Brown | C12: 37 | D12: Non-binary | E12: They are dead | F12: -10097 | G12: Marketing | H12: Associate | I12: 146045.99 | J12: 19-09-2020 | K12: Brazil | L12: Inactive | M12: 2.06 | N12: Associate's | O12: 27
A13: EMP00012 | B13: Jessica Wright | C13: 34 | D13: Non-binary | E13: They are dead | F13: -8512 | G13: Product | H13: Associate | I13: 100465.49 | J13: 22-05-2021 | K13: Germany | L13: Active | M13: 2.35 | N13: Associate's | O13: 35
... A18: EMP00017 | B18: Margaret Brown | C18: 32 | D18: Female | E18: They are dead | F18: -9423 | G18: Finance | H18: Executive | I18: 136005.77 | J18: 05-02-2024 | K18: Japan | L18: Suspended | M18: 1.62 | N18: Master's | O18: 13
A19: EMP00018 | B19: Patricia Nguyen | C19: 56 | D19: Male | E19: patricia.nguyen96@company.com | F19: -2499 | G19: Support | H19: Consultant | I19: 107913.31 | J19: 12-10-2024 | L19: Inactive | M19: 1.23 | N19: Associate's | O19: 5
A20: EMP00019 | B20: Susan Jones | C20: 60 | D20: Male | E20: susan.jones87@company.com | F20: -3916 | G20: Support | H20: Director | I20: 118943.26 | J20: 22-03-2020 | K20: Singapore | L20: Active | M20: 2.68 | N20: Associate's | O20: 36
A21: EMP00020 | B21: Donna Lee | C21: 38 | D21: Male | E21: donna.lee86@company.com | F21: -6263 | G21: Finance | H21: Executive | I21: 53977.35 | J21: 14-08-2023 | K21: Canada | L21: Suspended | M21: 2.26 | N21: High School | O21: 0
A22: EMP00021 | B22: Ashley Flores | C22: 58 | D22: Male | E22: They are dead | F22: -10355 | G22: Finance | H22: Engineer | I22: 170322.61 | J22: 09-12-2024 | K22: UK | L22: Inactive | M22: 2.48 | N22: Bachelor's | O22: 28
A23: EMP00022 | B23: Paul Rivera | C23: 41 | D23: Non-binary | E23: They are dead | F23: -6753 | G23: Marketing | H23: Engineer | I23: 73347.56 | J23: 27-12-2024 | K23: UK | L23: Inactive | M23: 2.09 | N23: Associate's | O23: 13
A24: EMP00023 | B24: Stephanie Perez | C24: 35 | D24: Non-binary | E24: stephanie.perez82@company.com | F24: -10090 | G24: Finance | H24: Manager | I24: 48383.28 | J24: 17-05-2022 | K24: Canada | L24: Active | M24: 1.01 | N24: Bachelor's | O24: 40
A25: EMP00024 | B25: Thomas Hernandez | C25: 50 | D25: Non-binary | E25: They are dead | F25: -2468 | G25: Marketing | H25: Analyst | I25: 172032.39 | J25: 16-11-2023 | K25: India | L25: Active | M25: 4.34 | N25: Associate's | O25: 35
A26: EMP00025 | B26: Barbara Ramirez | C26: 30 | D26: Male | E26: They are dead | F26: -3140 | G26: Operations | H26: Director | I26: 133899.67 | J26: 27-09-2023 | K26: UK | L26: Pending | M26: 4.12 | N26: PhD | O26: 39
A27: EMP00026 | B27: Dorothy Martinez | C27: 37 | D27: Male | E27: They are dead | F27: -4684 | G27: Operations | H27: Executive | I27: 151324.1 | J27: 04-11-2024 | K27: Germany | L27: Pending | M27: 1.64 | N27: High School | O27: 24
A28: EMP00027 | B28: John Walker | C28: 36 | D28: Male | E28: They are dead | F28: -5697 | G28: HR | H28: Manager | I28: 130704.81 | J28: 27-03-2022 | K28: Australia | L28: Pending | M28: 4.46 | N28: Master's | O28: 22
A29: EMP00028 | B29: Melissa Allen | C29: 47 | D29: Non-binary | E29: They are dead | F29: -3555 | G29: Finance | H29: Engineer | I29: 119185.51 | J29: 27-06-2021 | K29: USA | L29: Active | M29: 3.39 | N29: Master's | O29: 20
A30: EMP00029 | B30: Sandra Hill | C30: 54 | D30: Male | E30: sandra.hill50@company.com | F30: -6256 | G30: Engineering | H30: Executive | I30: 35245.24 | J30: 09-07-2024 | K30: Japan | L30: Inactive | M30: 2.46 | N30: High School | O30: 21
A31: EMP00030 | B31: Amanda Lee | C31: 64 | D31: Male | E31: They are dead | F31: -7192 | G31: Legal | H31: Specialist | I31: 93348.06 | J31: 28-08-2021 | K31: Japan | L31: Inactive | M31: 1.77 | N31: PhD | O31: 11
... A5001: EMP05000 | B5001: Joseph Nguyen | C5001: 64 | D5001: Male | E5001: joseph.nguyen61@company.com | F5001: -8514 | G5001: Product | H5001: Coordinator | I5001: 158699.49 | J5001: 14-09-2024 | K5001: Australia | L5001: Inactive | M5001: 3.93 | N5001: Associate's | O5001: 24

Sheet pivot table
A1: Row Labels | B1: Sum of Salary | D1: Row Labels | E1: Average of Performance_score | G1: Row Labels | H1: Average of Age
A2: Design | B2: 51332666 | D2: Analyst | E2: 3.0023062 | G2: Female | H2: 43.235149
A3: Engineering | B3: 55373550 | D3: Associate | E3: 2.9164341 | G3: Male | H3: 43.501478
A4: Finance | B4: 54549955 | D4: Consultant | E4: 2.9419349 | G4: Non-binary | H4: 43.464855
A5: HR | B5: 53536508 | D5: Coordinator | E5: 3.0124248 | G5: Grand Total | H5: 43.403
A6: Legal | B6: 51450050 | D6: Director | E6: 2.9585954
A7: Marketing | B7: 51541280 | D7: Engineer | E7: 2.9579757
A8: Operations | B8: 57713359 | D8: Executive | E8: 3.0065058 | G8: Row Labels | H8: Sum of Salary
A9: Product | B9: 58144601 | D9: Lead | E9: 3.0153707 | G9: Engineering | H9: 10672635
A10: Sales | B10: 51388864 | D10: Manager | E10: 3.020531 | G10: High School | H10: 10672635
A11: Support | B11: 55675425 | D11: Not Available | E11: 3.1861905 | G11: Grand Total | H11: 10672635
A12: Grand Total | B12: 5.4070626e+08 | D12: Specialist | E12: 3.0425103
D13: Grand Total | E13: 2.987668

Sheet dashboard
A1: Total number of employee
A2: =COUNTA(employee_dataset!A2:A5001) -> 5000
A5: Status of Employee | B5: Total
A6: Active | B6: =COUNTIF(employee_dataset!L2:L5001,dashboard!A6) -> 1177
K7: min 6
K8: filter
L26: Row Labels | M26: Sum of Salary
L27: Engineering | M27: 10672635
L28: High School | M28: 10672635
L29: Grand Total | M29: 10672635
